{"mean":{"confidence_interval":{"confidence_level":0.95,"lower_bound":47318112.09175,"upper_bound":48069077.720249996},"point_estimate":47648979.95,"standard_error":192908.9748473176},"median":{"confidence_interval":{"confidence_level":0.95,"lower_bound":47141366.5,"upper_bound":47440256.0},"point_estimate":47320016.5,"standard_error":68396.41820867102},"median_abs_dev":{"confidence_interval":{"confidence_level":0.95,"lower_bound":490314.3437951803,"upper_bound":910616.2396833301},"point_estimate":704170.8650484681,"standard_error":105579.31708155952},"slope":null,"std_dev":{"confidence_interval":{"confidence_level":0.95,"lower_bound":700415.8402177637,"upper_bound":2839005.7849008953},"point_estimate":1936529.4302958157,"standard_error":536261.5193333061}}