{"mean":{"confidence_interval":{"confidence_level":0.95,"lower_bound":43503024.334249996,"upper_bound":43617488.863375},"point_estimate":43557639.855,"standard_error":29256.91394729736},"median":{"confidence_interval":{"confidence_level":0.95,"lower_bound":43437444.0,"upper_bound":43529799.0},"point_estimate":43482238.75,"standard_error":23912.115129405953},"median_abs_dev":{"confidence_interval":{"confidence_level":0.95,"lower_bound":145946.40010893345,"upper_bound":236587.3733997345},"point_estimate":199559.06840711832,"standard_error":22515.478394426427},"slope":null,"std_dev":{"confidence_interval":{"confidence_level":0.95,"lower_bound":212442.14937048388,"upper_bound":363775.4896985295},"point_estimate":293823.2546486232,"standard_error":38704.42394576505}}