{"mean":{"confidence_interval":{"confidence_level":0.95,"lower_bound":2092761.035040002,"upper_bound":2106662.90802},"point_estimate":2099640.4620000008,"standard_error":3539.848519176823},"median":{"confidence_interval":{"confidence_level":0.95,"lower_bound":2071318.84,"upper_bound":2120919.0},"point_estimate":2086208.72,"standard_error":13163.270774287465},"median_abs_dev":{"confidence_interval":{"confidence_level":0.95,"lower_bound":14912.227751255255,"upper_bound":54897.889737367106},"point_estimate":36151.836366176714,"standard_error":11894.287777902447},"slope":null,"std_dev":{"confidence_interval":{"confidence_level":0.95,"lower_bound":32311.474921093264,"upper_bound":38221.084207626845},"point_estimate":35434.64495309998,"standard_error":1502.8898382971097}}