{"mean":{"confidence_interval":{"confidence_level":0.95,"lower_bound":660296101.33075,"upper_bound":660920240.5685},"point_estimate":660591934.87,"standard_error":159413.68724352308},"median":{"confidence_interval":{"confidence_level":0.95,"lower_bound":659953217.0,"upper_bound":660464488.0},"point_estimate":660189977.5,"standard_error":152733.7457567893},"median_abs_dev":{"confidence_interval":{"confidence_level":0.95,"lower_bound":826739.2581224442,"upper_bound":1384808.8654947274},"point_estimate":1118301.4385461807,"standard_error":146025.77388402235},"slope":null,"std_dev":{"confidence_interval":{"confidence_level":0.95,"lower_bound":1171436.8370030362,"upper_bound":2053363.8781524578},"point_estimate":1603805.1244343475,"standard_error":230909.71050147203}}