{"mean":{"confidence_interval":{"confidence_level":0.95,"lower_bound":725935265.7005,"upper_bound":729160234.3807501},"point_estimate":727532570.37,"standard_error":819993.0653286785},"median":{"confidence_interval":{"confidence_level":0.95,"lower_bound":725988984.0,"upper_bound":728657004.0},"point_estimate":726704860.0,"standard_error":641117.4280469966},"median_abs_dev":{"confidence_interval":{"confidence_level":0.95,"lower_bound":4673247.03823328,"upper_bound":8600868.789529055},"point_estimate":6868839.717453718,"standard_error":1034929.1026767433},"slope":null,"std_dev":{"confidence_interval":{"confidence_level":0.95,"lower_bound":6832482.781858139,"upper_bound":9435796.034434097},"point_estimate":8220748.681172188,"standard_error":663331.3683990317}}