{"mean":{"confidence_interval":{"confidence_level":0.95,"lower_bound":32251992.894874997,"upper_bound":32474402.422625},"point_estimate":32359217.855,"standard_error":56809.29359166211},"median":{"confidence_interval":{"confidence_level":0.95,"lower_bound":32039343.5,"upper_bound":32176481.5},"point_estimate":32103669.5,"standard_error":36024.2019880951},"median_abs_dev":{"confidence_interval":{"confidence_level":0.95,"lower_bound":203781.51313215494,"upper_bound":464648.31435084343},"point_estimate":305797.36407101154,"standard_error":63174.9494571238},"slope":null,"std_dev":{"confidence_interval":{"confidence_level":0.95,"lower_bound":470178.05940997106,"upper_bound":668911.5335026173},"point_estimate":570759.8411011983,"standard_error":51023.18770733162}}