{"mean":{"confidence_interval":{"confidence_level":0.95,"lower_bound":152034601.40075,"upper_bound":152181399.7695},"point_estimate":152106966.97,"standard_error":37445.15408766689},"median":{"confidence_interval":{"confidence_level":0.95,"lower_bound":151979792.0,"upper_bound":152155511.0},"point_estimate":152048458.0,"standard_error":44971.2252122244},"median_abs_dev":{"confidence_interval":{"confidence_level":0.95,"lower_bound":279481.2145382166,"upper_bound":428337.21709549427},"point_estimate":363735.1471424103,"standard_error":38284.97143465899},"slope":null,"std_dev":{"confidence_interval":{"confidence_level":0.95,"lower_bound":317833.7176156487,"upper_bound":426005.41988067556},"point_estimate":375724.6446027299,"standard_error":27607.816117406892}}