{"mean":{"confidence_interval":{"confidence_level":0.95,"lower_bound":520952850.389,"upper_bound":524013366.08},"point_estimate":522478649.25,"standard_error":782351.5298696411},"median":{"confidence_interval":{"confidence_level":0.95,"lower_bound":515712733.5,"upper_bound":529702494.5},"point_estimate":517391700.0,"standard_error":5633592.560477609},"median_abs_dev":{"confidence_interval":{"confidence_level":0.95,"lower_bound":2224983.240721152,"upper_bound":11624078.240731359},"point_estimate":6285701.271906495,"standard_error":2406924.506875167},"slope":null,"std_dev":{"confidence_interval":{"confidence_level":0.95,"lower_bound":7557942.168498532,"upper_bound":8066992.030986412},"point_estimate":7863635.757132901,"standard_error":129550.43865461972}}