{"mean":{"confidence_interval":{"confidence_level":0.95,"lower_bound":21333912.910416666,"upper_bound":21864925.47591666},"point_estimate":21594600.4,"standard_error":135763.71489989807},"median":{"confidence_interval":{"confidence_level":0.95,"lower_bound":20906590.333333332,"upper_bound":21499016.670833293},"point_estimate":21218714.666666664,"standard_error":151416.6447846678},"median_abs_dev":{"confidence_interval":{"confidence_level":0.95,"lower_bound":838919.8053061981,"upper_bound":1609918.2464182377},"point_estimate":1305881.9640159616,"standard_error":196610.38947921296},"slope":null,"std_dev":{"confidence_interval":{"confidence_level":0.95,"lower_bound":1158206.8369733423,"upper_bound":1572149.002010608},"point_estimate":1370383.742252034,"standard_error":105965.02984396675}}