{"mean":{"confidence_interval":{"confidence_level":0.95,"lower_bound":2894336.954972223,"upper_bound":2908589.6689722235},"point_estimate":2900439.2900000005,"standard_error":3696.3447864281484},"median":{"confidence_interval":{"confidence_level":0.95,"lower_bound":2890255.777777778,"upper_bound":2895678.388888889},"point_estimate":2892567.138888889,"standard_error":1498.99756823688},"median_abs_dev":{"confidence_interval":{"confidence_level":0.95,"lower_bound":7684.686313570236,"upper_bound":13689.833956956632},"point_estimate":9880.128591259589,"standard_error":1495.578436808833},"slope":null,"std_dev":{"confidence_interval":{"confidence_level":0.95,"lower_bound":13170.717715375104,"upper_bound":57534.446645796226},"point_estimate":37116.657610409726,"standard_error":12018.662275497107}}