{"mean":{"confidence_interval":{"confidence_level":0.95,"lower_bound":2860980.7029027785,"upper_bound":2887985.7898333324},"point_estimate":2873029.0155555545,"standard_error":6923.696847525133},"median":{"confidence_interval":{"confidence_level":0.95,"lower_bound":2848800.9444444445,"upper_bound":2856206.5555555555},"point_estimate":2853320.527777778,"standard_error":1914.2183498114662},"median_abs_dev":{"confidence_interval":{"confidence_level":0.95,"lower_bound":15637.19916446757,"upper_bound":27162.76044901493},"point_estimate":22004.46052600967,"standard_error":3004.080371149281},"slope":null,"std_dev":{"confidence_interval":{"confidence_level":0.95,"lower_bound":34155.191579889244,"upper_bound":99407.52422766508},"point_estimate":69550.22902099867,"standard_error":16951.73071454141}}