{"mean":{"confidence_interval":{"confidence_level":0.95,"lower_bound":47965460.533375,"upper_bound":48315645.095},"point_estimate":48132127.845,"standard_error":89054.9871241572},"median":{"confidence_interval":{"confidence_level":0.95,"lower_bound":47826369.5,"upper_bound":48075670.0},"point_estimate":47936193.25,"standard_error":55326.81145290438},"median_abs_dev":{"confidence_interval":{"confidence_level":0.95,"lower_bound":380175.92064052826,"upper_bound":641711.5227073431},"point_estimate":479216.34169220924,"standard_error":68496.30480203105},"slope":null,"std_dev":{"confidence_interval":{"confidence_level":0.95,"lower_bound":654552.2772289302,"upper_bound":1124260.672889929},"point_estimate":895486.3155512594,"standard_error":121424.12500300906}}