{"mean":{"confidence_interval":{"confidence_level":0.95,"lower_bound":5339994.72125,"upper_bound":5461375.022400003},"point_estimate":5399373.182,"standard_error":30890.857222969888},"median":{"confidence_interval":{"confidence_level":0.95,"lower_bound":5267277.8,"upper_bound":5379656.8},"point_estimate":5320198.4,"standard_error":29844.856959408637},"median_abs_dev":{"confidence_interval":{"confidence_level":0.95,"lower_bound":193708.7289109826,"upper_bound":339968.7730443475},"point_estimate":285086.77677869785,"standard_error":38232.002428725966},"slope":null,"std_dev":{"confidence_interval":{"confidence_level":0.95,"lower_bound":262994.13473266683,"upper_bound":353174.2608441835},"point_estimate":311645.8038354234,"standard_error":23008.354982123277}}