{"mean":{"confidence_interval":{"confidence_level":0.95,"lower_bound":2206942.829945651,"upper_bound":2207888.2235326087},"point_estimate":2207411.719130435,"standard_error":241.75888806124462},"median":{"confidence_interval":{"confidence_level":0.95,"lower_bound":2206675.3695652173,"upper_bound":2207555.7826086953},"point_estimate":2207084.4347826084,"standard_error":248.87965624857662},"median_abs_dev":{"confidence_interval":{"confidence_level":0.95,"lower_bound":1509.6090775466973,"upper_bound":3070.726417766371},"point_estimate":2111.7058190311513,"standard_error":424.7087389168772},"slope":null,"std_dev":{"confidence_interval":{"confidence_level":0.95,"lower_bound":2112.484160237467,"upper_bound":2699.2221359694454},"point_estimate":2428.0062959232914,"standard_error":149.6316570986215}}