{"mean":{"confidence_interval":{"confidence_level":0.95,"lower_bound":9659511.745499998,"upper_bound":9677361.04591667},"point_estimate":9668239.17666667,"standard_error":4566.313878217066},"median":{"confidence_interval":{"confidence_level":0.95,"lower_bound":9643774.166666666,"upper_bound":9671575.416666666},"point_estimate":9652316.916666666,"standard_error":7320.154001184965},"median_abs_dev":{"confidence_interval":{"confidence_level":0.95,"lower_bound":29133.46013277631,"upper_bound":54387.203234433204},"point_estimate":38140.25497287512,"standard_error":6502.776220787382},"slope":null,"std_dev":{"confidence_interval":{"confidence_level":0.95,"lower_bound":39371.315662829795,"upper_bound":51424.62398956745},"point_estimate":45957.192552956396,"standard_error":3078.870015791089}}