{"mean":{"confidence_interval":{"confidence_level":0.95,"lower_bound":3023717.3887205888,"upper_bound":3044281.0292205885},"point_estimate":3033650.2423529415,"standard_error":5256.478602273568},"median":{"confidence_interval":{"confidence_level":0.95,"lower_bound":3017508.705882353,"upper_bound":3037200.6470588236},"point_estimate":3028791.1470588236,"standard_error":5268.131636362078},"median_abs_dev":{"confidence_interval":{"confidence_level":0.95,"lower_bound":29325.565844073077,"upper_bound":53073.96668789584},"point_estimate":42127.16252856399,"standard_error":6159.744888515016},"slope":null,"std_dev":{"confidence_interval":{"confidence_level":0.95,"lower_bound":40251.569073426195,"upper_bound":65141.86526401508},"point_estimate":53169.224971932024,"standard_error":6378.384230574111}}