{"mean":{"confidence_interval":{"confidence_level":0.95,"lower_bound":37205380.520375006,"upper_bound":37266035.003375},"point_estimate":37233672.125,"standard_error":15478.14834218069},"median":{"confidence_interval":{"confidence_level":0.95,"lower_bound":37215068.0,"upper_bound":37241068.5},"point_estimate":37232768.25,"standard_error":6321.320171360734},"median_abs_dev":{"confidence_interval":{"confidence_level":0.95,"lower_bound":73130.35565167665,"upper_bound":128693.38421523571},"point_estimate":102337.94578313828,"standard_error":12385.542928952442},"slope":null,"std_dev":{"confidence_interval":{"confidence_level":0.95,"lower_bound":99596.6680067548,"upper_bound":218895.4724974697},"point_estimate":156161.64269077306,"standard_error":33052.42637419316}}