{"mean":{"confidence_interval":{"confidence_level":0.95,"lower_bound":114719.08242546661,"upper_bound":118459.38578562248},"point_estimate":116536.73843662672,"standard_error":952.693476443665},"median":{"confidence_interval":{"confidence_level":0.95,"lower_bound":113172.32323232324,"upper_bound":117752.55208333333},"point_estimate":115782.58039527488,"standard_error":1387.4084855527178},"median_abs_dev":{"confidence_interval":{"confidence_level":0.95,"lower_bound":7214.05652230137,"upper_bound":11750.765417923985},"point_estimate":9871.700897434588,"standard_error":1173.3267927960107},"slope":{"confidence_interval":{"confidence_level":0.95,"lower_bound":110698.97800521717,"upper_bound":114134.57439526952},"point_estimate":112364.31866085414,"standard_error":881.4028187297351},"std_dev":{"confidence_interval":{"confidence_level":0.95,"lower_bound":7601.052432366562,"upper_bound":11894.397246831872},"point_estimate":9579.319957597134,"standard_error":1140.6917669415711}}